beta_deg,M_Mach0.4,Cm_Mach0.4,M_Mach0.5,Cm_Mach0.5,M_Mach0.6,Cm_Mach0.6
-15.0,-1.9366077491490936,-0.078157,-3.0286181899174554,-0.078157,-4.359502091982393,-0.078157
-14.75,-1.9072453096652124,-0.076972,-2.982698917746668,-0.076972,-4.293404237932223,-0.076972
-14.5,-1.8777094211717222,-0.07578,-2.9365083924913282,-0.07578,-4.226915932423529,-0.07578
-14.25,-1.848049640528511,-0.074583,-2.890124115032736,-0.074583,-4.160148733015889,-0.074583
-14.0,-1.8182411893056343,-0.07338,-2.843507334930241,-0.07338,-4.0930468609295145,-0.07338
-13.75,-1.788308845933037,-0.072172,-2.796696802624494,-0.072172,-4.025666094944193,-0.072172
-13.5,-1.7582278319807738,-0.070958,-2.7496537676748436,-0.070958,-3.9579506562801368,-0.070958
-13.25,-1.7280229258787903,-0.069739,-2.7024169805219413,-0.069739,-3.889956323717135,-0.069739
-13.0,-1.6976941276270858,-0.068515,-2.6549864411657875,-0.068515,-3.821683097255188,-0.068515
-12.75,-1.6672166587957156,-0.067285,-2.60732339916573,-0.067285,-3.7530751981145047,-0.067285
-12.5,-1.6366152978146244,-0.06605,-2.5594666049624206,-0.06605,-3.684188405074876,-0.06605
-12.25,-1.6059148231137566,-0.064811,-2.511454808996509,-0.064811,-3.61507849691609,-0.064811
-12.0,-1.5750656778332235,-0.063566,-2.4632105103866953,-0.063566,-3.54563391607857,-0.063566
-11.75,-1.5441174188329139,-0.062317,-2.4148112100142796,-0.062317,-3.4759662201218933,-0.062317
-11.5,-1.513045267682883,-0.061063,-2.366218157438611,-0.061063,-3.4060196302662704,-0.061063
-11.25,-1.4818492243831312,-0.059804,-2.3174313526596912,-0.059804,-3.3357941465117023,-0.059804
-11.0,-1.4505540673636024,-0.058541,-2.268489546118169,-0.058541,-3.2653455476379762,-0.058541
-10.75,-1.4191350181943525,-0.057273,-2.2193539873733945,-0.057273,-3.194618054865304,-0.057273
-10.5,-1.3876168553053263,-0.056001,-2.1700634268660184,-0.056001,-3.123667446973477,-0.056001
-10.25,-1.3559995786965229,-0.054725,-2.1206178645960403,-0.054725,-3.0524937239624923,-0.054725
-10.0,-1.3242831883679427,-0.053445,-2.0710173005634607,-0.053445,-2.9810968858323506,-0.053445
-9.75,-1.2924676843195855,-0.052161,-2.0212617347682786,-0.052161,-2.9094769325830523,-0.052161
-9.5,-1.2605282881215076,-0.050872,-1.9713124167698448,-0.050872,-2.8375780854348083,-0.050872
-9.25,-1.228514556633597,-0.04958,-1.9212468474494595,-0.04958,-2.765511901947197,-0.04958
-9.0,-1.1964264898558539,-0.048285,-1.8710650268071232,-0.048285,-2.693278382120218,-0.048285
-8.75,-1.1642145309283896,-0.046985,-1.820689453961534,-0.046985,-2.6207659683942928,-0.046985
-8.5,-1.131928236711093,-0.045682,-1.7701976297939939,-0.045682,-2.5480862183290007,-0.045682
-8.25,-1.0995676072039635,-0.044376,-1.719589554304502,-0.044376,-2.47523913192434,-0.044376
-8.0,-1.067107863977057,-0.043066,-1.6688264770524088,-0.043066,-2.402168930400524,-0.043066
-7.75,-1.0345737854603183,-0.041753,-1.6179471484783639,-0.041753,-2.3289313925373394,-0.041753
-7.5,-1.0019653716537467,-0.040437,-1.5669515685823678,-0.040437,-2.255526518334788,-0.040437
-7.25,-0.9692826225573428,-0.039118,-1.5158397373644203,-0.039118,-2.181954307792869,-0.039118
-7.0,-0.9365255381711062,-0.037796,-1.4646116548245216,-0.037796,-2.108214760911583,-0.037796
-6.75,-0.9036941184950368,-0.036471,-1.4132673209626712,-0.036471,-2.0343078776909285,-0.036471
-6.5,-0.8707883635291348,-0.035143,-1.36180673577887,-0.035143,-1.9602336581309063,-0.035143
-6.25,-0.8378330517033445,-0.033813,-1.3102686497137674,-0.033813,-1.8860478810113066,-0.033813
-6.0,-0.8048034045877216,-0.03248,-1.2586143123267135,-0.03248,-1.8116947675523387,-0.03248
-5.75,-0.7717242006122101,-0.031145,-1.2068824740583584,-0.031145,-1.7372300965337928,-0.031145
-5.5,-0.7385954397768104,-0.029808,-1.1550731349087031,-0.029808,-1.6626538679556686,-0.029808
-5.25,-0.7053923436515781,-0.028468,-1.103147544437096,-0.028468,-1.5879103030381767,-0.028468
-5.0,-0.6721396906664573,-0.027126,-1.051144453084188,-0.027126,-1.5130551805611068,-0.027126
-4.75,-0.6388374808214482,-0.025782,-0.9990638608499791,-0.025782,-1.4380885005244581,-0.025782
-4.5,-0.6054857141165506,-0.024436,-0.9469057677344696,-0.024436,-1.3630102629282312,-0.024436
-4.25,-0.5721091689817087,-0.023089,-0.8947089241783092,-0.023089,-1.287876246552215,-0.023089
-4.0,-0.5386582885570346,-0.021739,-0.8423958293001977,-0.021739,-1.212574893836832,-0.021739
-3.75,-0.5051826297024158,-0.020388,-0.7900439839814357,-0.020388,-1.137217762341659,-0.020388
-3.5,-0.47168219241785303,-0.019036,-0.7376533882220233,-0.019036,-1.0618048520666972,-0.019036
-3.25,-0.43813219827340183,-0.017682,-0.6851852915813099,-0.017682,-0.9862803842321569,-0.017682
-3.0,-0.40455742569900643,-0.016327,-0.6326784444999461,-0.016327,-0.9107001376178275,-0.016327
-2.75,-0.37093309626472265,-0.01497,-0.5800940965372815,-0.01497,-0.8350083334439198,-0.01497
-2.5,-0.3373087668304388,-0.013613,-0.5275097485746167,-0.013613,-0.7593165292700119,-0.013613
-2.25,-0.3036348805362666,-0.012254,-0.474847899730651,-0.012254,-0.6835131675365258,-0.012254
-2.0,-0.26996099424209435,-0.010895,-0.4221860508866854,-0.010895,-0.6077098058030398,-0.010895
-1.75,-0.23626232951797796,-0.009535,-0.36948545160206936,-0.009535,-0.5318506652897645,-0.009535
-1.5,-0.20253888636391737,-0.008174,-0.3167461018768028,-0.008174,-0.45593574599670006,-0.008174
-1.25,-0.16879066477991256,-0.006812,-0.26396800171088586,-0.006812,-0.3799650479238464,-0.006812
-1.0,-0.13504244319590772,-0.00545,-0.21118990154496883,-0.00545,-0.30399434985099283,-0.00545
-0.75,-0.10129422161190287,-0.004088,-0.15841180137905184,-0.004088,-0.22802365177813919,-0.004088
-0.5,-0.06752122159795386,-0.002725,-0.10559495077248442,-0.002725,-0.15199717492549641,-0.002725
-0.25,-0.03377300001394903,-0.001363,-0.05281685060656744,-0.001363,-0.07602647685264279,-0.001363
0.0,0.0,0.0,0.0,0.0,0.0,0.0
0.25,0.03377300001394903,0.001363,0.05281685060656744,0.001363,0.07602647685264279,0.001363
0.5,0.06752122159795386,0.002725,0.10559495077248442,0.002725,0.15199717492549641,0.002725
0.75,0.10129422161190287,0.004088,0.15841180137905184,0.004088,0.22802365177813919,0.004088
1.0,0.13504244319590772,0.00545,0.21118990154496883,0.00545,0.30399434985099283,0.00545
1.25,0.16876588634996834,0.006811,0.26392925127023537,0.006811,0.37990926914405726,0.006811
1.5,0.20248932950402895,0.008172,0.316668600995502,0.008172,0.45582418843712175,0.008172
1.75,0.23618799422814538,0.009532,0.369369200280118,0.009532,0.531683328950397,0.009532
2.0,0.26988665895226177,0.010892,0.42206979956473406,0.010892,0.6075424694636722,0.010892
2.25,0.303560545246434,0.012251,0.47473164840869964,0.012251,0.6833458311971582,0.012251
2.5,0.33718487468071784,0.013608,0.5273159963713644,0.013608,0.759037635371066,0.013608
2.75,0.3708092041150016,0.014965,0.579900344334029,0.014965,0.8347294395449737,0.014965
3.0,0.4043839766893971,0.01632,0.632407191415393,0.01632,0.9103096861593033,0.01632
3.25,0.43793397083384816,0.017674,0.6848752880561062,0.017674,0.9858341539938434,0.017674
3.5,0.4714591865483552,0.019027,0.7373046342561692,0.019027,1.0613028430485942,0.019027
3.75,0.5049348454029737,0.020378,0.7896564795749311,0.020378,1.1366599745437673,0.020378
4.0,0.5383857258276482,0.021728,0.8419695744530429,0.021728,1.211961327259151,0.021728
4.25,0.5717870493924341,0.023076,0.8942051684498534,0.023076,1.2871511224149559,0.023076
4.5,0.6051388160973318,0.024422,0.946363261565363,0.024422,1.3622293600111828,0.024422
4.75,0.638441025942341,0.025766,0.9984438537995721,0.025766,1.4371960400478314,0.025766
5.0,0.6717184573574059,0.027109,1.0504856955931303,0.027109,1.5121069413046906,0.027109
5.25,0.7049215534826382,0.028449,1.1024112860647373,0.028449,1.5868505062221825,0.028449
5.5,0.7380750927479822,0.029787,1.1542593756550434,0.029787,1.661482513580096,0.029787
5.75,0.7711542967234936,0.031122,1.2059912139233981,0.031122,1.7359471845986418,0.031122
6.0,0.8041839438391164,0.032455,1.257645551310452,0.032455,1.810300298057609,0.032455
6.25,0.8371640340948509,0.033786,1.3092223878162048,0.033786,1.8845418539569987,0.033786
6.5,0.8700697890607529,0.035114,1.3606829730000065,0.035114,1.9586160735170206,0.035114
6.75,0.9029259871667664,0.03644,1.4120660573025072,0.03644,2.032578735517464,0.03644
7.0,0.935683071553003,0.037762,1.4632941398424062,0.037762,2.10631828239875,0.037762
7.25,0.9683905990793514,0.039082,1.5144447215010042,0.039082,2.1799462717204587,0.039082
7.5,1.000999012885923,0.040398,1.5654403013970004,0.040398,2.253351145923011,0.040398
7.75,1.033557869832606,0.041712,1.6163583804116954,0.041712,2.3266444625659837,0.041712
8.0,1.066017613059512,0.043022,1.6671214576637887,0.043022,2.3997146640898004,0.043022
8.25,1.0984030209965858,0.044329,1.717768283593931,0.044329,2.47261752927425,0.044329
8.5,1.1306893152138826,0.045632,1.768260107761471,0.045632,2.545297279339542,0.045632
8.75,1.162901274141347,0.046932,1.81863568060706,0.046932,2.6178096930654666,0.046932
9.0,1.1950388977789785,0.048229,1.8688950021306976,0.048229,2.690154770452024,0.048229
9.25,1.2270774076968334,0.049522,1.9189993218917332,0.049522,2.7622767327194246,0.049522
9.5,1.2589920254649671,0.05081,1.9689098894495172,0.05081,2.8341198010878794,0.05081
9.75,1.2908323079432684,0.052095,2.018704205685349,0.052095,2.905795533116967,0.052095
10.0,1.3225734767017927,0.053376,2.068343520158579,0.053376,2.9772481500268975,0.053376
10.25,1.3542155317405402,0.054653,2.1178278328692075,0.054653,3.0484776518176715,0.054653
10.5,1.3857584730595107,0.055926,2.167157143817234,0.055926,3.1194840384892886,0.055926
10.75,1.4171775222287608,0.057194,2.2162927025620087,0.057194,3.1902115312619603,0.057194
11.0,1.4484974576782335,0.058458,2.265273259544182,0.058458,3.2607159089154747,0.058458
11.25,1.4796935009779855,0.059717,2.3140600643231015,0.059717,3.3309413926700433,0.059717
11.5,1.5107904305579607,0.060972,2.36269186733942,0.060972,3.4009437613054554,0.060972
11.75,1.5417634679882146,0.062222,2.4111299181524863,0.062222,3.4706672360419217,0.062222
12.0,1.5726373916986915,0.063468,2.4594129672029506,0.063468,3.540167595659231,0.063468
12.25,1.6033626448295037,0.064708,2.5074635136095127,0.064708,3.609333282597806,0.064708
12.5,1.633988784240539,0.065944,2.5553590582534724,0.065944,3.6782758544172234,0.065944
12.75,1.664466253071909,0.067174,2.6030221002535296,0.067174,3.7468837535579063,0.067174
13.0,1.6948198297535582,0.068399,2.650491390050335,0.068399,3.815212758799644,0.068399
13.25,1.7250495142854863,0.069619,2.697766927643887,0.069619,3.883262870142435,0.069619
13.5,1.7551553066676928,0.070834,2.744848713034187,0.070834,3.951034087586279,0.070834
13.75,1.7851124284702347,0.072043,2.7916979957805856,0.072043,4.01847063235139,0.072043
14.0,1.8149456581230556,0.073247,2.838353526323731,0.073247,4.085628283217554,0.073247
14.25,1.8446302171962108,0.074445,2.8847765542229733,0.074445,4.152451261404983,0.074445
14.5,1.874166105689701,0.075637,2.9309670794783136,0.075637,4.2189395669136776,0.075637
14.75,1.9035781020334706,0.076824,2.9769638525304014,0.076824,4.285148978523426,0.076824
15.0,1.9328414277975747,0.078005,3.0227281229385863,0.078005,4.351023717454439,0.078005
