delta_deg,mach,aoa_deg,Cl,Cd,CmPitch,ChHinge,HingeMoment_Nm
-10,0.1,-4,-1.03499555,0.0242915002,0.0920468123,0.0108612154,0.04622316383914375
-10,0.1,0,-0.659433775,0.0169273141,0.101351186,0.00990530985,0.04215502070551279
-10,0.1,4,-0.249935252,0.013394213,0.104587752,0.00828375238,0.03525399592605786
-10,0.1,8,0.168018835,0.0137617304,0.104750975,0.00636096258,0.02707098650396
-10,0.1,12,0.575708459,0.0188414051,0.103143008,0.00446102367,0.01898522590655078
-10,0.15,-4,-1.04621836,0.0232129225,0.0938805988,0.0110675296,0.10597769071862709
-10,0.15,0,-0.667189262,0.0159863223,0.102843546,0.0101157369,0.0968637514716205
-10,0.15,4,-0.254301319,0.0124729538,0.105574157,0.00841382881,0.08056704428291332
-10,0.15,8,0.167140899,0.0127763725,0.105247832,0.00639347153,0.06122101073257463
-10,0.15,12,0.578773103,0.0175923306,0.103438019,0.00443356601,0.042453836074528996
-10,0.2,-4,-1.055555,0.022496,0.095400,0.0112547209,0.19159137866818673
-10,0.2,0,-0.672692426,0.0153982438,0.103903306,0.01026818,0.17479729440586142
-10,0.2,4,-0.25756022,0.0119013615,0.10629215,0.00851124839,0.14488869406148355
-10,0.2,8,0.165911073,0.0121657909,0.105701839,0.00643943068,0.10961972427227576
-10,0.2,12,0.581299,0.016793,0.103594,0.00440780161,0.07503489378894801
0,0.1,-4,-0.418943964,0.0143147393,-0.00136403946,0.00196463372,0.008361088789700872
0,0.1,0,0.00168495401,0.0123599364,-0.000295062074,-6.64518672e-05,-0.0002828058768637092
0,0.1,4,0.421448646,0.0143139726,0.000967210243,-0.00205340804,-0.008738894568054973
0,0.1,8,0.818830424,0.0205234319,0.00495345732,-0.00358896217,-0.01527390630669187
0,0.1,12,1.14381531,0.0326659228,0.0145503677,-0.00490794053,-0.02088721481676572
0,0.15,-4,-0.421473997,0.0134094853,-0.00100151253,0.00203202073,0.01945771750705585
0,0.15,0,0.00187551832,0.0114989172,-0.00032068677,-7.14595104e-05,-0.000684264164251769
0,0.15,4,0.424260533,0.0134156388,0.000572877874,-0.00212625704,-0.0203600820704761
0,0.15,8,0.825635757,0.0194317434,0.00412533539,-0.00371853102,-0.035606982281319664
0,0.15,12,1.15899095,0.0308306881,0.0137111559,-0.00489943746,-0.04691481175990131
0,0.2,-4,-0.423049941,0.0128400562,-0.000785854361,0.00207143606,0.035262472884458364
0,0.2,0,0.0019684043,0.0109557922,-0.000337698279,-7.47748153e-05,-0.001272906727787983
0,0.2,4,0.425975157,0.012844566,0.00033647684,-0.00216819325,-0.03690959000027771
0,0.2,8,0.831090,0.018712,0.003461,-0.00382947847,-0.06518998260076253
0,0.2,12,1.168360,0.029801,0.013047,-0.00492670487,-0.083868288402831
10,0.1,-4,0.248455587,0.0132890287,-0.104172984,-0.00815449804,-0.03470391526614015
10,0.1,0,0.656090089,0.0168472177,-0.1005217,-0.00968597182,-0.041221561849992344
10,0.1,4,1.02771805,0.0242262812,-0.0904205353,-0.010501883,-0.04469391690072903
10,0.1,8,1.32120127,0.0366914723,-0.0711541005,-0.011358213,-0.048338286378050516
10,0.1,12,1.480496,0.057829,-0.045757,-0.0142014565,-0.060438562939647875
10,0.15,-4,0.253447769,0.0123301891,-0.105279019,-0.00830743122,-0.079548228766375
10,0.15,0,0.664549297,0.0158741312,-0.102139164,-0.00991610894,-0.0949522038211249
10,0.15,4,1.03991703,0.0231257395,-0.0923923375,-0.0107163716,-0.10261515948876965
10,0.15,8,1.339927,0.0351073133,-0.0733552034,-0.011427763,-0.10942712390123358
10,0.15,12,1.510324,0.057112,-0.049232,-0.0145802121,-0.1396135600618393
10,0.2,-4,0.256850039,0.011739591,-0.106021677,-0.00840727021,-0.1431186525798144
10,0.2,0,0.670361104,0.0152717564,-0.103253551,-0.010076478,-0.171533912683668
10,0.2,4,1.049965,0.022404,-0.094027,-0.0109158177,-0.1858221612970958
10,0.2,8,1.353468,0.034118,-0.075017,-0.0114806777,-0.19543788674387363
10,0.2,12,1.526713,0.055503,-0.050170,-0.0145123287,-0.2470462917760044
